[
    {
        "icon":"FaSistrix",
        "Header":"SEO",
        "des":"Lorem ipsum dolor sit amet consectetur adipisicing elit. Vero non accusamus odio similique? Pariatur eligendi inventore molestiae veritatis amet fugit, aut repellendus, adipisci quasi aperiam corporis illum, doloremque ex neque repellat veniam cum deserunt dolor voluptatem nostrum nesciunt mollitia! Impedit non dicta"
    },
    {
        "icon":"FaGoogle",
        "Header":"Google Ads",
        "des":"Lorem ipsum dolor sit amet consectetur adipisicing elit. Vero non accusamus odio similique? Pariatur eligendi inventore molestiae veritatis amet fugit, aut repellendus, adipisci quasi aperiam corporis illum, doloremque ex neque repellat veniam cum deserunt dolor voluptatem nostrum nesciunt mollitia! Impedit non dicta"
    },
    {
        "icon":"FaFacebook",
        "Header":"Facebook Marketing",
        "des":"Lorem ipsum dolor sit amet consectetur adipisicing elit. Vero non accusamus odio similique? Pariatur eligendi inventore molestiae veritatis amet fugit, aut repellendus, adipisci quasi aperiam corporis illum, doloremque ex neque repellat veniam cum deserunt dolor voluptatem nostrum nesciunt mollitia! Impedit non dicta"
    },
    {
        "icon":"FaYoutube",
        "Header":"Youtube Marketing",
        "des":"Lorem ipsum dolor sit amet consectetur adipisicing elit. Vero non accusamus odio similique? Pariatur eligendi inventore molestiae veritatis amet fugit, aut repellendus, adipisci quasi aperiam corporis illum, doloremque ex neque repellat veniam cum deserunt dolor ,voluptatem nostrum nesciunt mollitia! Impedit non dicta"
    },
    {
        "icon":"FaCamera",
        "Header":"Photography",
        "des":"Lorem ipsum dolor sit amet consectetur adipisicing elit. Vero non accusamus odio similique? Pariatur eligendi inventore molestiae veritatis amet fugit, aut repellendus, adipisci quasi aperiam corporis illum, doloremque ex neque repellat veniam cum deserunt dolor voluptatem nostrum nesciunt mollitia! Impedit non dicta"
    },
    {
        "icon":"FaEnvelopeOpen",
        "Header":"Email",
        "des":"Lorem ipsum dolor sit amet consectetur adipisicing elit. Vero non accusamus odio similique? Pariatur eligendi inventore molestiae veritatis amet fugit, aut repellendus, adipisci quasi aperiam corporis illum, doloremque ex neque repellat veniam cum deserunt dolor voluptatem nostrum nesciunt mollitia! Impedit non dicta"
    }

]