[
    {
        "name":"Milon Mondal",
        "deg":"CEO",
        "det":"Lorem ipsum dolor sit amet consectetur adipisicing elit. Vero non accusamus odio similique?"
    },
    {
        "name":"Naiok Mann",
        "deg":"Employee",
        "det":"Lorem ipsum dolor sit amet consectetur adipisicing elit. Vero non accusamus odio similique?"
    },
    {
        "name":"Naiok Dipjol",
        "deg":"Employee",
        "det":"Lorem ipsum dolor sit amet consectetur adipisicing elit. Vero non accusamus odio similique?"
    },
    {
        "name":"Naiok Amir Khan",
        "deg":"Employee",
        "det":"Lorem ipsum dolor sit amet consectetur adipisicing elit. Vero non accusamus odio similique?"
    },
    {
        "name":"Naiok Sakib Khan",
        "deg":"Employee",
        "det":"Lorem ipsum dolor sit amet consectetur adipisicing elit. Vero non accusamus odio similique?"
    },
    {
        "name":"Naiok Amir Khan",
        "deg":"Employee",
        "det":"Lorem ipsum dolor sit amet consectetur adipisicing elit. Vero non accusamus odio similique?"
    }
]